Lang,Text,label
en,rt iciciprulife yorker doosra bouncer surya kumar always plan every ball icici prudential life help stay fin,icici
en,rt cognizantnews cognizant tie max life insurance launch innovation development center chennai expcomputer http,max
en,hibah takaful sun life insurance wasiat faraid harta pusaka medical card critical illness income protection replacement aia prudential great eastern hong leong investment saving public mutual etiqa fwd entrepreneur peniaga business malaysia mrtt mltt mati sakit cancer accident http co lf v owkw,tata
en,niva bupa niva bupa finally rejected claim surprise know someone fraud least expected bupa need look alliance partner treating cheating customer bupa please read customer feedback http co thls bjzdp http co bn mjgmg,max
en,hdfc life insurance posted net profit r crore april june quarter fy july year ago period insurer net premium income rose r crore hdfclife,hdfc
en,rt rajivmehta reason given hdfc declining accidental claim always check term policy condition blindly buying,hdfc
en,hi want inform buy max life term insurance fraud company yesterday bought term insurance spouse sum insured cr inr year coverage hundred inr something max life send proposal email sum insured,max
en,lalit kumar thank sharing detail u get back within hour regard tata aig general insurance co ltd,tata
en,groundbreaking analysis present strategy financial line insurance market domination axa xl aig wr berkley marsh mclennan http co yp pxx hq marketanalysis marketresearch marketresearchreports businessintelligence,xl
en,live session zoom youtube tata aia leader profile click link register http co mdqksgmlr leadership lifeinsurance zoommeeting http co xc ifxon,tata
en,pradeepk hi pradeep kalkhundiya kindly share detail requested team serve better thanks regard tata aig general insurance co ltd,tata
en,hdfclife insurance friday reported year year rise net profit quarter ended june r crore earningswithetmarkets http co wzukhllhnf,hdfc
en,rt hdfclife securing every move board life hdfc life insurance plan hdfclife saruthakejiyo internationalchess,hdfc
en,tataaia life dear people currently following last day tata aia provide proper endorsement document even providing detail believe customer service worst,tata
en,canopius appoints axa xl cooper global head reinsurance charles cooper responsible development significant growth driver business http co uu z yp w insuranceinsidernews insurance reinsurance,xl
en,rt singhumesh sbilife irdaindia theofficialsbi sbichairman allindiapressc pmoindia rashtrapatibhvn bad situati,sbi
en,rt iciciprulife world leading batsman surya kumar got field covered batting similarly challenge,icici
en,hdfc life insurance company ltd first quarter result fy pat grew sequentially q driven lower operating expense gross premium jump yoy however fell sequentially much hdfc life insurance http co aabvjivh stock http co xvfg xlotx,hdfc
en,insurance tata aig icici worry thing proceed http co e tzvwcgbf,tata
en,tata aia life insurance launch small cap discovery fund http co abkqetyo,tata
en,invested lumpsum axis nifty icici prudential nifty midcap index nippon india nifty small cap fund icici prudential nifty index fund,icici
en,hsbc insurance hdfc life upgrade buy reduce target raised sbi life maintain buy target raised icici prudential upgrade buy reduce target raised icici lombard maintain buy target raised,sbi
en,rt singhumesh dear responsible people sbi life insurance running money one taking action anythi,sbi
en,life full unexpected twist turn tata aia life insurance protect loved one uncertainty call whatsapp u health insurance business insurance house insurance insurance lifeinsurance http co yrb mj vz,tata
en,icicilombard faith icici took insurance met accident bike e apache rr went claim surveryer told thing fine muffler e exhaust part replaced repaired like fine,icici
en,whether future saving advice financial protection loved one max life assist everything finance today trusted customer m vinitha give insight experience max life insurance http co gbk rwso n,max
en,aaum inr lakh crore sbi mf largest amc india company aaum next largest peer icici prudential mf,icici
en,good news hdfc life giving discount term insurance exclusive woman please grab opportunity connect respective customer http co hx ircbueg,hdfc
en,mayankm please note opting insurance investment purely voluntary branch provide information benefit well awareness customer please advise customer register complaint link http co fqrposd ji,sbi
en,sbilife ashamed penalising year old man keeping deprived saving sbi lifei insurance withheld return money ineedjustice irdaindia,sbi
en,rt kn bulletin aia philippine kathryn new endoresment financial insurance dj new ebdoresment kaiser international,tata
en,rt stockifi invest aaum inr lakh crore sbi mf largest amc india company aaum,icici
en,sachiny rntata tatamotors tatacompanies sachiny hi sachin understand concern pertaining tata aig general insurance request write customersupport tataaig com assistance thank,tata
en,dlf ltd dlfu q b glenmark life science ltd gls q hdfc life insurance co hdfclife q b hindustan zinc ltd hz q b jsw steel ltd jstl q b one communication ltd paytm q b loss,hdfc
en,rt algo data useful information stock name amarajabat amara raja batt ltd deal july tata aia life insurance co,tata
en,shahdiipesh hdfc life maxlife gain future people start taking term insurance overall wealth increase great competition hni insurance space,hdfc
en,dggi far served show cause notice insurance company including hdfc life icici prudential life sbi life max life investigation revealed insurance company availed itc around r crore claiming fake invoice,sbi
en,murtuzi nisar naveen ramanisumit dmuthuk ya opinion taking insurance edge case better thing really make dent wealth may make sense deductible easily afford take insurance upto crore tata aig charge k crore coverage l,tata
en,cognizant tie maxlifeinsurance launch innovation development center chennai http co wyvs um technews technology futuretech ai cloud security,max
en,net premium income insurer came crore percent crore year ago quarter http co qvukdwv,hdfc
en,safalniveshak bank banking let product sold expert huge conflict interest bank start selling mf insurance sbi hdfc giving locker buy mf insurance earlier requirement keep fd get locker,hdfc
en,icici lombard general insurance company added general insurer reported increase net profit r crore rise total income r crore q fy q fy,icici
en,sbilifecares mr jignesh sukhdevbhai raval sbi life insurance distributor visnagar branch made fraud father dr amrutlal shivrambhai patel senior citizen please needful,sbi
en,rt mienmien life health insurance pati sa endorsement match perfect combination thank god blessing thank,tata
en,dn thakur ji group life amp health insurance seva gau mata ji kathavachak one voice ask govt launch scheme lic sbi etc integral part mythological earth ecosystem jai shree ram,sbi
en,sbilife sbilife ashamed penalising year old man keeping deprived saving sbi lifei insurance withheld return money ineedjustice irdaindia,sbi
en,drprashantmish take home loan also jabaradasti rin raksha insurance sbi life response till date complain,sbi
en,two yearr old maruti swift dzire caught fire running local trip maruti corp frustrated clear support service centre well insurance company tata aig http co jatrqhyms,tata
en,maitrasampa hi sampa highlighted query team customer service representative connect shortly regard sbi general insurance,sbi
en,sbilife theofficialsbi thinking fraud happened anxious time health deteriorating day anything bad happens sbi life insurance shall held responsible aajtak irdaindia elderlyindia penalize,sbi
en,business today shailendra bhatnagar speaks mihir vora sr director cio max life insurance listen businesstoday itvideo themihirv shail bhatnagar http co bjoiqeenmy,max
en,theofficialsbi recently took housing loan sbi racpc madhapur hyderabad raised debit request without intimating really mandatory would like purchase property insurance others sbi general insurance pls needful rbi http co wmvdq xnfk,sbi
en,vijaykdhaka hi vijay unfortunately since receive detail requested closing case reach u toll free number write u customersupport tataaig com regard tata aig general insurance co ltd,tata
en,life insurance stock rallying last one week hdfc life insurance sbi life insurance gained percent last four consecutive session stock currently hovering week high level,sbi
en,hdfc life bajaj allianz among insurance company found evade r crore gst http co caph mcz u,hdfc
en,bhatianupam insurance tata bhatianupam hi anupam thank reaching u type experience tata aia strives deliver customer please share contact number policy detail via dm http co smfyqicxcx,tata
en,rahulmishr hi rahul thank sharing coordinate team connect shortly regard sbi general insurance http co nky ekx,sbi
en,india hdfc life insurance co ltd reported rise first quarter profit friday aided investment gain rise premium income hdfc hdfcbank hdfclife hdfcamc http co ddd xnde,hdfc
en,aia insurance secures iso greenhouse gas emission certification dailymirror srilanka businessnews http co louswqvtrt,tata
en,axisbank never trust axis bank circle nodal officer bogala teja directed guskara axis brunch scam money max life insurance two employee named somnath hazra chowdhury amp sajal adikari scammed lot liquid cash customer village belari share frnds http co fjhrviym,max
en,rt officialignou campus placement cell association regional centre delhi ncr organizing placement drive sbi lif,sbi
en,got refund payment credit card account however heard got claim money trip secured aditya birla tripmoneymmt gave email id contact detail tata aig claim insurance benefit irresponsible way,tata
en,nirmalmanitej dear surya would like evaluate case help best possible solution request dm mobile number e mail id u analyze update earliest regard tata aig general insurance co ltd http co jq ekbwpa,tata
en,venkatesh dear venkatesh made note concern kindly dm registered mobile number e mail id policy detail u check update end shortly regard tata aig general insurance co ltd http co jq ekbwpa,tata
en,hdfc bank hdfclife got call mayur vihar ph branch life insurance informing person number registered dnd started abusing customer treated phn number call came person name abhishek kumar,hdfc
en,theofficialsbi hi sbi mandatory buy general insurance construction property,sbi
en,choose take tata aia life insurance policy secure life get income benefit tax exemption n prabhakara rao advisor tata aia life insurance mobile email nprcs gmail com http co ozyv bwot,tata
en,rt etmarkets market trading guide icici prudential canara bank among stock recommendation thursday http co lty wcsbs,icici
en,theofficialsbi theofficialsbi response sbilife wait watch die enjoy money anything happens sbi life insurance held responsible mediaindiagroup aajtak timesnow irdaindia,sbi
en,dev vrk dear varun would like evaluate case help best possible solution request dm registered mobile number e mail id policy number u analyse update earliest regard tata aig general insurance co ltd,tata
en,vinaytyagimt tataaia life iciciprulife never buy anything tata aia cheater atleast found new policy freelook period tata aia agent put annual premium policy even know issued found month resolution provided tataaia life,tata
en,take business new height tata aia life insurance contact u let insurance agency partner growth provide comprehensive solution support business every step way tataailifeinsurance businessgrowth http co sg se azf,tata
en,hdfc life insurance result http co zmqrz h dn,hdfc
en,axa xl launch carbonemissions product marine client http co mltd pd insurance insurancenews marineinsurance freenewsnopaywall,xl
en,rt axeinc plan elaborate keep life insurance policy rotation k month max roth yearly,max
en,tradecraving hi trade craving yet receive detail request share help u assist better regard tata aig general insurance co ltd,tata
en,sbilife ashamed penalising year old man keeping deprived saving sbi lifei insurance withheld return money ineedjustice irdaindia,sbi
en,rt myromancelist way p max slow blinked said nong nat free life insurance like little cat telling nanat,max
en,naikanant hi anant naik unfortunately since receive detail requested closing case reach u toll free number write u customersupport tataaig com regard tata aig general insurance co ltd,tata
en,theofficialsbi applied locker branch located greater noida west waiting month someone sbi called take insurance policy r lakh pa premium avail locker legal way sell policy customer,sbi
en,suktabombil jadhaviam max life life insurance niva bupa general insurance recommend niva bupa health insurance,max
en,cognizant tie max life insurance launch innovation development center chennai read http co ofb c ej indiatechnologynews cognizant insurtech maxlifeinsurance innovationcenter developmentcenter chennai technologypartnership http co xlquev wtu,max
en,rt bajajallianzlic irdai nominated bajaj allianz life icici lombard lead insurer tripura state insurance plan aligned,icici
en,rt rotalks vijay barse founder slum soccer retired sport teacher made difference life talented footballer tu,sbi
en,tomass best add health insurance premium review hope aia typo axa,tata
en,icici prudential nifty yr benchmark g sec etf enjoys indexation benefit invested month fund goal oriented scheme designed meet medium long term goal line maturity period nifty yrbenchmarkgsecetf iciciprumf http co bqanyesjok,icici
en,rt castudycafe bajaj allianz hdfc life sun life among insurance company found evade r crore gst gst gstevasion insura,hdfc
en,sbi life insurance check ur branch check value policy tds amount already paid tax went surrender tds amount already going loss due policy proper response since mnth,sbi
en,rt sang cognizant launched innovation development center collaboration max life insurance co ltd chennai,max
en,exciting news hdfc life insurance expected report yoy increase standalone net profit r crore q fy http co xxyscyqxz hdfclife q result earnings,hdfc
en,walk hdfc minor update bank swoop sell crap insurance product associated junk terrible experience went yes work moved upselling rubbish say yes way better bank,hdfc
en,rt sharadgoklani theofficialsbi sbilife irdaindia dugalira monikahalan son hoodwinked buying accident insurance poli,sbi
en,long term portfolio asalcbr au bank axtel berger paint caplin point chola finance eldeco housing endurance tech hcl tech hdfc amc hdfc bank hindustan unilever icici general insurance iex irfc itc jk lakshmi cement si larsen amp toubro supreme industry ultratech cement,hdfc
en,useful information stock name amarajabat amara raja batt ltd deal july tata aia life insurance company bought lakh qty approx invested money cr kotak mahindra mutual fund bought lakh qty approx invested money cr nippon india,tata
en,rattlehead thank sharing detail u get back within hour regard tata aig general insurance co ltd,tata
en,hdfc life insurance company ltd consolidated q fy pat r crore hdfclife hdfclifeinsurancecompany q fy resultupdate http co fzbryqg bl http co uzsbfn q,hdfc
en,today sbi life program bhopal sbi sbilife bhopal instagram insurance sbilife http co dtbjofpscc,sbi
en,hdfc life q preview hdfc life insurance expected report annualised premium equivalent ape r crore quarter ended june company release result july hdfclife,hdfc
en,exciting news empaneled andhra pradesh employee health scheme ehs working journalist health scheme wjhs bajaj finserv hdfc bank tata aig insurance detail call u vizag dental http co b xfnnryb,tata
en,campus placement cell association regional centre delhi ncr organizing placement drive sbi life insurance august friday convention centre ignou campus http co gnz cxbb v,sbi
en,tata aia small cap discovery fund know detail smallcapfund http co azw ooiidw,tata
en,cognizant max life insurance collaborate launch innovation development center chennai http co k egjkgzxw via cxotoday com,max
en,deepakrtripathi hi deepak sincerely regret inconvenience caused request write hdfc life insurance company id assistance http co pdmadiuy k http co ju aml esw ajay service manager,hdfc
en,tataaia life tata aia mobile app login apart policy one policy person also visible may mobile number mistakenly mapped policy please get corrected,tata
en,bha bv thank sharing detail u get back within hour regard tata aig general insurance co ltd,tata
en,thekiranbedi daburindia hpcl cairnoilandgas icici lombard general insurance company limited proudly bag silver award niranjali project csrhealthawards csr health csrhealthawards thekiranbedi icicilombard http co kyubvpi vo,icici
en,rt commissar raege polite however zero problem saying shit fellow white folk making max life,max
en,sbilife irdaindia pmoindia rashtrapatibhvn please help bengalgovernor pmoindia narendramodi rashtrapatibhvn sbi life insurance people made life joke saving year old,sbi
en,rt ybansal tataaia life rntata mailed many time talked customer representative tata aia answering,tata
en,abhisheknp dear abhishek regret inconvenience caused please dm registered mobile number e mail id policy number connect detailed feedback regard tata aig general insurance co ltd http co jq ekbwpa,tata
en,theofficialsbi yesterday visited sbi seelampur delhi branch open svngs bank accnt counter ask open new zero balance saving account told deposit amount deducted compulsary life insurance come accnt,sbi
en,need best manager max life insurance model town delhi http co mi cosab j,max
en,tungapabitra case concern pertains life insurance policy held sbi life kindly dm u policy number contact detail along case id number starting help resolve query earliest http co j dnvtodcr,sbi
en,wipro q pat slip qoq r cr sbi life insurance company ltd third consecutive session hindalco inds rise board ok sell kalwa land r cr ultratech rise commissioning mtpa cement capacity west bengal,sbi
en,sbi iocl global contactless debit card http co r shmxf talkersmoney finance money investing success business entrepreneur rich stock sensex nifty mutualfunds insurance bank personalfinance financecoach,sbi
en,protected today prepared tomorrow take tata aia life insurance policy call whatsapp home insurance health insurance travel insurance motor insurance get covered today call whatsapp u insurancematters tataailife http co bc sk wapl,tata
en,choose tata aia life insurance sampoorna raksha supreme plan check tata aia life insurance web page click http co qrfnrubn x n chouhan amp associate http co bvju qsj l,tata
en,ibtv hear industry leader bspoke group aviva mgaa axa xl ignite system evaluate impact regulatory shift market trend stay informed make informed decision insurance scheme uk http co yeouwjnwr,xl
en,invest future tata aia life insurance call whatsapp bos seize unlimited income opportunity set schedule work people genuinely like trust tataailifeinsurance http co vmxlgxbayu,tata
en,vijay barse founder slum soccer retired sport teacher made difference life talented footballer tune episode sbi life insurance yt channel audio streaming platform ivmpodcasts sbilife apneliyeapnokeliyepodcast http co cvuehklhtf,sbi
en,fraud policy number issued tata aia life insurance fortune guarantee pension c asked agent sign document get maturity money tata aia agent false fully started new policy maturity amount,tata
en,airtel presence despite dnd registration got call trying sell hdfc life insurance,hdfc
en,tataaia life hdfcbank care irdaindia cannot respond dm since verified user tata aia expects pay first get blue tick dm right hdfc bank seriously something wrong,tata
en,hdfc bank hdfc life fraud outfit trust insurance outfit falsify document,hdfc
en,pradeepk hi pradeep kalkhundiya unfortunately since receive detail requested closing case reach u toll free number write u customersupport tataaig com regard tata aig general insurance co ltd,tata
en,rt business today marketguru mihir vora sr director cio max life insurance watch http co vz hbyrlin markettoday market,max
en,life insurance agent write properly structured min death benefit max cash value indexed universal life insurance iul policy member immediate family owned family trust w trust beneficiary,max
en,saptesh dear saptesh would like evaluate case help best possible solution request dm registered mobile number e mail id policy number u analyse update earliest regard tata aig general insurance co ltd,tata
en,drowbb atrachelgilmore soon get move covid jab decimated immune system make sure life insurance date max insurance,max
en,ankushc ankushc dear ankush thank contacting icici lombard general insurance company limited reference issue related health policy reviewed case confirm checked health policy number hsrn,icici
en,rt singhumesh irdaindia theofficialsbi consumerforum prime minister india narendramodi modi sahab year,sbi
en,game over life none choose hdfc life term life insurance plan nosecondchances real life nosecondchances hdfclife saruthakejiyo http co rfyakejj b,hdfc
en,tata aia leader profile click link register http co vumsk xsla policybhandar insruanceagent leadership leader business businessopportunity foryourpage newpost businesstips http co sdysuvedk,tata
en,comprehensive coverage peace mind choose tata aia life insurance health insurance future priority call whatsapp info safeguard loved one cashless claim benefit enjoy tax benefit along way http co qji khc,tata
en,got car insurance car icici lombard car met accident insurance company said give claim reason personal car used taxi nobody ready solve matter icicilombard bank icicicare,icici
en,sbi balance check number miss call mini statement registration number http co nxjuskdiy talkersmoney finance money investing success business entrepreneur rich stock sensex nifty mutualfunds insurance bank personalfinance financecoach,sbi
en,amitgadekar dear amit made note concern concerned department get touch within working hour regard tata aig general insurance co ltd,tata
en,inikunjsojitra hi nikunj patel kindly share detail requested team serve better thanks regard tata aig general insurance co ltd,tata
en,bajaj allianz hdfc life sun life among insurance company found evade r crore gst gst gstevasion insurancecompanies fakeitc http co h ui emxpd,hdfc
en,plan elaborate keep life insurance policy rotation k month max roth yearly k emergency fund family money marketing account earns interest try buy property two year,max
en,onlycrownking cash value life insurance take payout pick anything list rinse repeat done yr max http co oltpkxdcw,max
en,chatgpt impact cyber risk see valuable insight axa xl financial line singapore underwriting manager zhenghong pan http co hwicz tyd ai artificialintelligence insurance cyberinsurance freeinsightnopaywall,xl
en,rt advocate hem icicilombard fraud insurance company dont choose cost worst customer beware icici lombard gic,icici
en,rt devjasoria hdfc bank hdfclife got call mayur vihar ph branch life insurance informing person numbe,hdfc
en,tataaia life policy number c want share worst experience tata aia underwriting team please share senior leadership detail wasted time amp effort,tata
en,activate domestic online usage sbi credit card http co muyolbjv talkersmoney finance money investing success business entrepreneur rich stock sensex nifty mutualfunds insurance bank personalfinance financecoach,sbi
en,never late build career check tata aia life insurance web page click http co tza g nk harshilkumar sushilchandra bhavsar harshilbhavsar gmail com http co zt e h c,tata
en,tungapabitra hi pabitra regret inconvenience caused please share email id contact detail via direct message dm team connect resolve concern promptly regard sbi general insurance http co nky ekx,sbi
en,sbilife ashamed penalising year old man keeping deprived saving sbi lifei insurance withheld return money ineedjustice irdaindia humanrightsind,sbi
en,buy icici lombard general insurance company target r sharekhan http co ie aapng,icici
en,axa xl insurance announced appointment adele smith head mid market generalist based new york report axa xl head u mid market matt water http co sjznzdb f,xl
en,tungapabitra regard stated concern understand pertains sbi general insurance hence advise connect customer care team sbigeneral faster response help query sbi life insurance product service,sbi
en,sbi contactless debit card charge http co dkeosiw wd talkersmoney finance money investing success business entrepreneur rich stock sensex nifty mutualfunds insurance bank personalfinance financecoach,sbi
en,bansa dear nikhil currently working cooperation patience interim highly appreciated regard tata aig general insurance co ltd,tata
en,rt bqthefineprint supreme court overturn order sat stayed decision transfer policy liability saharalife,sbi
en,tataaia life application insurance declined end raised query reason decline tata aia life c case id team email always respond day wait,tata
en,dggi far served show cause notice insurance company including hdfc life icici prudential life sbi life max life investigation revealed insurance company availed itc around r crore claiming fake invoice,hdfc
en,axisbank never trust axis bank circle nodal officer bogala teja directed guskara axis brunch scam money max life insurance two employee named somnath hazra chowdhury amp sajal adikari scammed lot liquid cash customer village belari share frnds,max
en,amara raja battery tata aia bnp paribas kotak mutual fund nippon india mutual fund pinebridge societe generale bought crore equity share positive,tata
en,unacceptable breach trust unauthorized activation sbi general insurance without consent deduction despite complaint requesting full refund swift action responsible unethicalbusiness insurancescam theofficialsbi sbilife irdaindia rbi,sbi
en,rt singhumesh sbilife theofficialsbi irdaindia bengalgovernor help sbi life insurance taken money fra,sbi
en,sharads hi sharad regret inconvenience caused please share email id contact detail via direct message dm team connect resolve concern promptly regard sbi general insurance http co nky ekx,sbi
en,tungapabitra query pertaining sbi general insurance suggest redirect query sbigeneral assistance,sbi
en,http co momvbshhnr omg getting dangerous world wanna purchase insurance contact late,tata
en,hibah takaful life insurance wasiat faraid harta pusaka medical card critical illness income protection income replacement aia prudential great eastern hong leong insurance investment saving public mutual etiqa fwd sun entrepreneur peniaga business malaysia mati sakit cancer http co ztanckhq z,tata
en,rt viveklkn make every moment life worth life time sbi smart privilege fund good high return roy le call,sbi
en,rt investwithrishi rbi hdfc bank amp axis bank still forcing u buy health life insurance getting loan selling co,hdfc
en,odedrapeter help would like confirm wife employed sbi life insurance kindly inform dm u employee code location region contact detail look http co j dnvtodcr,sbi
en,kritanshu rathi icicilombard icicilombard insurance company taking general public life seriously assumed life saved help insurance policy role icici lombard really shameful,icici
en,sbilife irdaindia pmoindia rashtrapatibhvn bengalgovernor narendramodi theofficialsbi sbichairman indiahumanright sbilife something happens taken responsible kill cheated took life time saving courtsofindia lawofindia lawofindia cmk please refer pleading made sbi life insurance,sbi
en,icicilombard icicibank name property insurance icici lombard sold health insurance stop kind fraud today got policy soft copy whatsapp get hard copy sure poly detail icici plz refund money,icici
en,market trading guide icici prudential canara bank among stock recommendation thursday http co lty wcsbs,icici
en,sbilife ashamed penalising year old man keeping deprived saving sbi lifei insurance withheld return money ineedjustice irdaindia,sbi
en,hdfclife one worst company get term insurance done customer care service useless deliver per detail hdfc life failed refund amount post week committed email phone useless service hdfc life,hdfc
en,tataaigmotor jagograhakjago ncb updated tata aig portal searching insurance provider still showing seems forcing buy please fix asap renewal couple day,tata
en,rt equitybulls hdfc life insurance company ltd consolidated q fy pat r crore hdfclife hdfclifeinsurancecompany,hdfc
en,rt youtalkinsnews visual language claim innovation changing picture see valuable insight axa xl corinne south,xl
en,spoiler alert block deal amara raja battery clarios arbl sold crore share stake price r kotak mutual fund nippon mutual fund sociere generale tata aia life insurance pinebridge fund bought share nse,tata
en,jackbankhandi hi jyoti prakash awaiting response end detail investigate concern kindly share detail requested help u serve better regard tata aig general insurance co ltd,tata
en,icicilombard definitely waste waiting icici employee asking money get car claim otherwise gonna pas claim process plz buy icicilombard insurance humbly requested u,icici
en,hdfcergogic spamming multiple call amp sm last week policy renewal insurance previous employer provided amp anymore hdfc even calling directly renewal amp many time daily,hdfc
en,sbilife theofficialsbi irdaindia bengalgovernor help sbi life insurance taken money fraudulently need money back,sbi
en,vijaykdhaka hi vijay awaiting response end detail investigate concern kindly share detail requested help u serve better regard tata aig general insurance co ltd,tata
en,cognizant partner maxlifeinsurance launch innovation development center chennai http co tytiooyvql channelnews technews technology futuretech,max
en,iciciprulife u tried contact contact number icici prudential one picking call since tomorrow problem also would great could provide contact detail icici prudential office new shimla sector himachal pradesh,icici
en,dear responsible people sbi life insurance running money one taking action anything happens life sbi life insurance shall held responsible cheated irdaindia theofficialsbi consumerforum http co hau vit v,sbi
en,kailashraut tatamotorsev tatamotors toi thane tataevclub would suggest u get done local painter tatamotors car service centre take atleast month work take max day u planning get done insurance tata service centre take atleast month best luck,tata
en,krishna dear krishna would like evaluate case help best possible solution request dm registered mobile number e mail id policy detail u analyse update earliest regard tata aig general insurance co,tata
en,pradeepk dear pradeep would like evaluate case help best possible solution request dm registered mobile number e mail id policy detail u analyse update earliest regard tata aig general insurance co,tata
en,iffco tokio hi rajat kumar taken iffco tokio general insurance policy car tata tiago policy number reference number ifclm discussed sachin jain want process claim giving absurd unreasonable reason,tata
en,big result today reliance industry ultratech cement jsw steel hdfc life insurance hindustan zinc dlf vedanta paytm ashok leyland cyient dlm note infosys declared bad result yesterday adr share price trading giftnifty,hdfc
en,protect future tata aia life insurance call whatsapp discover insurance service ensure peace mind secure loved one financial well worry uncertainty tata aia covered tataaia lifeinsurance http co uqlbattjmi,tata
en,babaji india thank expressing interest sbi life insurance life insurance product individual need based solution,sbi
en,ganesavelusamy vkumar ganesavelusamy hi thank showing interest tata aia life please share contact detail along city name pin code sale team get touch http co smfyqicxcx,tata
en,oakieone katefantom right next door hinkley point c go wrong factory get wiped nuclear accident tata claim insurance clever http co ytjnhtvykl,tata
en,krishna hi krishna jaiswal yet receive detail request share help u assist better regard tata aig general insurance co ltd,tata
en,rt varundubey hsbc insurance hdfc life upgrade buy reduce target raised sbi life maintain buy target rai,sbi
en,narendramodi govt concerned abt tribunal estd bring litigation reality quite opposite kirenrijiju nsitharaman http co lbhpvevwyy,sbi
en,sbilife ashamed penalising year old man keeping deprived saving sbi lifei insurance withheld return money ineedjustice irdaindia,sbi
en,pullback stock setup aia engineering ltd j k cement ltd dial ltd tata communication ltd add watchlist breakout stock positional stockmarket aiaeng jkcement justdial tatacomm http co smzgnlzuls,tata
en,india mart lntermesh consolidated yoy revenue r crore earning today corporate result reliance industry ashok leyland atul creditaccess grameen glenmark lifesciences hdfc life insurance company hindustan zinc jsw steel ramkrishna forging,hdfc
en,month cloud implementation bharti axa done record sort insurance sector globally bhargav dasgupta q fy concall icici lombard insurance recommendation http co wpcbylknc,icici
en,vinodhkumarp hi vinodh kumar p unfortunately since receive detail requested closing case reach u toll free number write u customersupport tataaig com regard tata aig general insurance co ltd,tata
en,jsw steel earnings call pm today hdfc life insurance earnings call pm today ultratech cement earnings call pm today vedanta earnings call pm today jswsteel hdfc hdfclife ultratech vedanta infosys infy reliancejio q fy q result,hdfc
en,sipra swain dear sir per telephonic converstaion held today understand getting threatening call ab insurance broker pvt ltd hdfc life policy wish inform address concern respect hdfc life policy kindly write u,hdfc
en,koustavneog thank showing interest sbi life insurance sbi life rinn raksha group non linked non participating credit life insurance plan help ensure family best everything,sbi
en,simplysachina simplysachina dear sachin request share contact number policy detail tata aia life insurance policy via dm get checked concerned team thank http co smfyqicxcx,tata
en,insu safe hi insu safe received detail end assist get touch u toll free number write u customersupport tataaig com regard tata aig general insurance co ltd,tata
en,rahulmishr hi rahul regret inconvenience caused please share email id contact detail via direct message dm team connect resolve concern promptly regard sbi general insurance http co nky ekx,sbi
en,jainik hi jainik regret inconvenience caused please share email id contact detail via direct message dm team connect resolve concern promptly regard sbi general insurance http co nky ekx,sbi
en,rt vinaytyagimt tataaia life rntata rbi many time call email tata aia policy freelook every time giving new su,tata
en,rt ayancha axisbank never trust axis bank circle nodal officer bogala teja directed guskara axis brunch scam money max,max
en,reason given hdfc declining accidental claim always check term policy condition blindly buying insurance insurance regulator look fine print http co zm ackptps http co nnrj ia,hdfc
en,earningswithmc hdfc life insurance net profit q fy amounted r crore representing noteworthy increase percent compared net profit r crore recorded period previous year http co tcuj apqwk hdfclife http co qezxbzimvh,hdfc
en,sc set aside sat stay sahara insurance biz transfer sbi life http co qiyti h,sbi
en,digvijaybhatna dear digvijay complaint shared concerned department get touch shortly regard tata aig general insurance co ltd,tata
en,sbilife ashamed penalising year old man keeping deprived saving sbi lifei insurance withheld return money ineedjustice irdaindia,sbi
en,sbilife attention india people looting people sbi life insurance,sbi
en,bsharda hi bhuvanesh sharda received detail end assist get touch u toll free number write u customersupport tataaig com regard tata aig general insurance co ltd,tata
en,diligent insurance agent aia got touch via line notifying billing error hospital instead thb charged share thb overpayment refunded account tomorrow mean total http co f ofqtujb,tata
en,maxlifeins bought policy max life employee pawan assured three time income document required lac term insurance policy feeling reassured made purchase directly website falseassurances customerservicefail insurancescam,max
en,im gowrishankar srinivega term insurance go tata aia separate one dont combine medical acko offer good cost effective group insurance also check include,tata
en,rgarg thank sharing detail u get back within hour regard tata aig general insurance co ltd,tata
en,time thank tata aia life insurance honouring two prestigious award mdrt leader fastest growing also business associate without impossible thank http co cdxzztn sy,tata
en,http co ku exszphf excellent initiative narendramodi ji nsitharaman ji dasshaktikanta building awareness insurance cover provided dicgc please consider full cover deposit india rbi pmoindia consumrconxion jagograhakjago gicouncilindia irdaindia,sbi
en,sbigeneral giving rd class service purchased policy sbi general insurance health applied approval cashless treatment hospital network day give u approval cashless claim approval rejected,sbi
en,shyampsunder hi shyam sunder awaiting response end detail investigate concern kindly share detail requested help u serve better regard tata aig general insurance co ltd,tata
en,rt channeldrive cognizant maxlife insurance launch innovation center chennai channel drive cognizant cognizantnews maxlifeins,max
en,cognizant tie max life insurance launch innovation development center chennai expcomputer http co g b ipcfaf,max
en,response father cancer treatment highly suggest everyone buy hdfc ergo said hdfc employee quote worst health insurance buy even couldnt claim hdfc employee went,hdfc
en,inikunjsojitra dear nikunj would like evaluate case help best possible solution request dm registered mobile number e mail id policy detail u analyse update earliest regard tata aig general insurance co ltd,tata
en,hrishi dear hrishikesh would like evaluate case help best possible solution request dm registered mobile number e mail id u analyse update earliest regard tata aig general insurance co ltd,tata
en,theofficialsbi hi team unauthorized activation sbi insurance without consent deduction two time july requesting full refund swift action responsible,sbi
en,insurance giant axa contemplates private sale ipo reinsurance branch xl insurance ipo http co cqapqyxei,xl
en,learn maxlifeins harnessed capability planview unlock project portfolio visibility critically ass prioritization fast track advancement towards digital transformation http co bncwksqrjq http co j xtbtgvc,max
en,major insurance group axa reportedly considering selling reinsurance business xl http co vtuk ujnl,xl
en,activate nfc sbi debit card http co uimvgjavvi talkersmoney finance money investing success business entrepreneur rich stock sensex nifty mutualfunds insurance bank personalfinance financecoach,sbi
en,insurance tata tata aia sell policy fraudently woman revert cancellation request wrong committment unlawful pressure recovery feel promotion gundaism rather insurance,tata
en,icicipruli icici prudential life insurance company ltd result http co pivsdhzrzb,icici
en,securing every move board life hdfc life insurance plan hdfclife saruthakejiyo internationalchessday chess http co mj snjxeab,hdfc
en,rt itsqfa finnifty weightage hdfc bank icici bank kotak mahindra bank axis bank state bank india baj,sbi
en,vktmi dear varun would like evaluate case help best possible solution request dm registered mobile number e mail id u analyze update earliest regard tata aig general insurance co ltd,tata
en,amolbhujbal hi amol received detail end assist get touch u toll free number write u customersupport tataaig com regard tata aig general insurance co ltd,tata
en,yono sbi registration without internet banking http co wwuqdncjor talkersmoney finance money investing success business entrepreneur rich stock sensex nifty mutualfunds insurance bank personalfinance financecoach,sbi
en,save million life feel like scam run name insurance company shame hdfc stooping low level never expected hdfc yeah planning get hdfc ergo policy along family member seeing,hdfc
en,hdfclife insurance july reported net profit r crore april june quarter fy percent r crore recorded year ago period http co edndcbqzpk,hdfc
en,manish garg theofficialsbi rbi rbisays hi thanks reaching u request please share email id contact detail via direct message dm connect address query regard sbi general insurance,sbi
en,venkatesh dear venkatesh kindly elaborate concern help best possible solution request dm mobile number e mail id policy detail u analyze update earliest regard tata aig general insurance co ltd http co jq ekbwpa,tata
en,nagarjungatla hi sincerely regret inconvenience request write hdfc life insurance company id assistance http co ju aml esw ajay service manager,hdfc
en,bhaveshjhala dear bhavesh would like evaluate case help best possible solution request dm registered mobile number e mail id policy number u analyse update earliest regard tata aig general insurance co ltd,tata
en,insure ship carbon footprint event unplanned lengthy voyage resulting extra emission today axa xl introduced excess emission insurance product uk collaboration climateseed policy pay voluntarily carbon credit http co wjykd gjwx,xl
en,marketswithmc fy icici prudential life insurance made daring decision deviate traditional business approach focusing solely wealthy hnis offering extensive life insurance product read q performance http co hoir bgxzz,icici
en,rt indiatechnews cognizant tie max life insurance launch innovation development center chennai read http,max
en,rt bandanamrs question quora prudential icici life insurance co never settle death claim reject showing false j,icici
en,vikmani viral hi v v yet receive detail request share help u assist better regard tata aig general insurance co ltd,tata
en,tata aia leader profile click link register http co isri tl xi policybhandar insruanceagent leadership leader business businessopportunity foryourpage newpost businesstips http co uwjkbjqjew,tata
en,activate new sbi atm card atm machine http co thjvgnhfbr talkersmoney finance money investing success business entrepreneur rich stock sensex nifty mutualfunds insurance bank personalfinance financecoach,sbi
en,policy holder icici lombard health insurance r lakh sum assured last year last year getting problem resolved customer care become difficult person responds company heading person icicilombard,icici
en,tomass process search health insurance would mind point selected considering satisfied aia plan chose thanks dm,tata
en,axa considering selling xl report insurer reportedly seeking reduce risk exposure http co qeile c bm selling report risk exposure insurance reinsurance bermuda reuters axa xl,xl
en,axa xl enlists cna smith amid mid market push cna executive managed mn p amp l mid market business new york http co grcxksooc reinsurance insurance,xl
en,know nearly icici prudential life new business premium last month came group single premium policy impact long term profitability lifeinsurance icici http co hmimobj,icici
en,tradecraving dear sir would like evaluate case help best possible solution request dm registered mobile number e mail id policy detail u analyse update earliest regard tata aig general insurance co ltd,tata
en,canopius appoints axa xl cooper global head reinsurance charles cooper responsible development significant growth driver business http co jbihrvlys reinsurance insurance,xl
en,rajureddy erra dear raju would like evaluate case help best possible solution request dm mobile number e mail id u analyze update earliest regard tata aig general insurance co ltd http co jq ekbwpa,tata
en,long build seen polycab india punjab national bank indian hotel short build seen icici prudential life insurance company coforge bharat forge,icici
en,start insurance service business call whatsapp get started today secure tomorrow tata aia life insurance start journey towards financial security peace mind tataaia lifeinsurance financialsecurity http co zrqwyrhm,tata
en,theofficialsbi rbi open account sbi give insurance forcefully without taking permission ask said compulsory without insurance account opened please look regard,sbi
en,rt vinaytyagimt tataaia life rntata rbi tata aia fraud done day tata aia canceling policy freelook,tata
en,rt ipox schuster insurance giant axa contemplates private sale ipo reinsurance branch xl insurance ipo http co cqapqyxe,xl
en,highly buying pressure stock polycab india ltd aurobindo pharma limited icici lombard general insurance company ltd mphasis limited tata consumer product ltd ashok leyland limited,tata
en,mortgage insurance icici asking provide policy paper past month bank responded simple procedure bank cannot complete need solution right away icicibank iciciprulife icicilombard icicibank care,icici
en,lucifer hi icecream since received response closing case request contact u toll free write u customersupport tataaig com assistance regard tata aig general insurance co ltd,tata
en,icicilombard option select ev tata nexon car insurance design http co cdw vwol h,tata
en,icici prudential technology fund shine star rating year return mind blowing guess tech enthusiast afford miss one techinvesting mutualfunds icici,icici
en,tataaigindia pathetic service getting claim last year every time sharing document never suggest one buy insurance tata aig one listen customer pain http co icrpcrtizq,tata
en,question quora prudential icici life insurance co never settle death claim reject showing false jhuta clause reported policy holder claim group policy rejected false reason http co ixm nqp uz,icici
en,rt etmarkets hdfclife insurance friday reported year year rise net profit quarter ended june r crore,hdfc
en,icici prudential nifty yr benchmark g sec etf invests nifty yr benchmark g sec index single bond index tracking liquid year benchmark security issued government india nifty yrbenchmarkgsecetf iciciprumf http co v sqdff,icici
en,sbilife sbi insurance claimed given sbi tell name ismail khan age post sse trd bina railway mp tell mobile sbi life wil wait,sbi
en,rohitbo hi rohit highlighted concern team customer service representative connect shortly regard sbi general insurance,sbi
en,tataaia life tata aia official support fraud woman gundaism husband victim woman official sell policy document branch jind detail contact pm,tata
en,icici prudential balanced fund star year return shabby view well balanced option looking steady growth investsmart finance,icici
en,placement drive sbi life insurance august friday convention centre ignou http co uwhuk ryhp,sbi
en,hdfc ergo worst possible health insurance anyone buy like reject health insurance based fact disease might preexisting claim specialist doctor catch disease preexisting lesion help,hdfc
en,rt knowyourstock pullback stock setup aia engineering ltd j k cement ltd dial ltd tata communicati,tata
en,rt de b f banker theofficialsbi sbi life insurance sbicap sbi mutual fund etc term creat,sbi
en,axisbank never trust axis bank circle nodal officer bogala teja directed guskara axis brunch scam money max life insurance two employee named somnath hazra chowdhury amp sajal adikari scammed lot liquid cash customer village belari share frnds http co bhyfnsvaiz,max
en,sbilife ashamed penalising year old man keeping deprived saving sbi lifei insurance withheld return money ineedjustice irdaindia,sbi
en,klmaap hi kumar received detail end assist get touch u toll free number write u customersupport tataaig com regard tata aig general insurance co ltd,tata
en,icicilombard jharkhandcmo jharkhandpolice consumerforum tvsmotorcompany getting scammed icici lombard insurance around day passed solution complaint saying pay claim reference mot,icici
en,jiteshkashyapjk understand concern please note sbi life insurance related concern query need directed sbilife please click link http co vezokt n x know contact detail sbi life customer care team,sbi
en,rt rajeev attention buy life amp term insurance max life insurance name parveen dubey want share terri,max
en,mbcs aia malaysia partner simplify insurance digital age http co pjezxqien http co jqa hl zmi,tata
en,rt icicilombard rescue waterlogged vehicle insider tip gaurav arora chief underwriting claim property amp casual,icici
en,rajivmehta thanks letting know check policy pre general insurance come isnt case life insurance hdfc ergo general life insurance comp isnt case year life policy cannt declined comp plzz clarify,hdfc
en,lakshya tataaia life dear people currently following last day tata aia provide proper endorsement document even providing detail believe customer service worst,tata
en,already check game changing episode state retention marketing featuring sameer jain vp amp head c ecomm max life insurance company limited help decode power retention cut throat market,max
en,icicilombard icicibank icicibank care icici direct irdaindia jagograhakjago getmyrefundin pathetic good deal customer bad waiting reply last day one interested look pathetic insurance icicilombard,icici
en,sbilife ashamed penalising year old man keeping deprived saving sbi lifei insurance withheld return money ineedjustice irdaindia,sbi
en,rt moneycontrolcom earningswithmc hdfc life q preview hdfc life insurance expected report annualised premium equivalent ape,hdfc
en,currently serving deputy managing director sbi general insurance mr pejawar exceptional leadership profound expertise played pivotal role steering company towards resounding success,sbi
en,mamataofficial cmofficewb mother ailing cancer insurance please help save mother tata medical center given huge estimated amount plz help mamta di abhishek da,tata
en,amarajabat societe generale buy tata aia life co ltd buy rallis jhunjhunwala rekha sell amp ratnabaliinvestment pvt ltd buy tata chemical ltd buy,tata
en,rattlehead dear anurag currently working cooperation patience interim highly appreciated regard tata aig general insurance co ltd,tata
en,canopius appoints axa xl cooper global head reinsurance charles cooper responsible development significant growth driver business http co ebfcrozklx reinsurance insurance,xl
en,quarterly result earnings q fy q fy nse bse reliance industry hdfc life insurance company jsw steel ultratech cement ashok leyland vedanta one communication aarti drug cm info system http co ezehuhs kx,hdfc
en,hammad life insurance company address query pertaining life insurance product amp service since query pertains sbi card request redirect official account sbicard connect faster resolution,sbi
en,vfsglobalcare hello yashwanth taken lounge access process visa got hdfc ergo travel insurance activated difficulty finding reciept number website asking please help,hdfc
en,beshakin icici max life insurance best company term insurance,max
en,vp pm ram rajya bharat envision nse nationalised scam n fraud done promoter cia would consolidate every asset company one sector max three company state head max three bank max three life insurance max three telecom,max
en,hdfc optimum secure hdfc optimum restore share similarity name two health insurance policy also similar feature one better deep dive premium register free access http co osmurl bcw,hdfc
en,sharads regard stated concern understand pertains sbi general insurance hence advise connect customer care team sbigeneral faster response help query sbi life insurance product service,sbi
en,earningswithmc hdfc life q preview hdfc life insurance expected report annualised premium equivalent ape r crore quarter ended june company release result july read http co oxkz c b hdfclife,hdfc
en,would recommend worst customer service experience one buy tata aia life insurance hardly recommended buy,tata
en,max life insurance maxlifeins expects value new business margin range fiscal say md ceo prashant tripathy read http co oz xctqyh http co xxuckiaj,max
en,sidhart hi sidharth highlighted concern team customer service representative connect shortly regard sbi general insurance,sbi
en,irdaindia theofficialsbi consumerforum prime minister india narendramodi modi sahab year old citizen country writing feel hopeless cheated sbi life insurance,sbi
en,supremecourt overturn sat order stayed irdai decision transfer policy liability saharaindia life insurance sbi life insurance http co e vjv gmaq,sbi
en,stocki zen booked profit rec icici prudential asian paint justdial still running mcx zeel cub,icici
en,hdfc life insurance company ltd ig http co c snaimyk tg http co qgh k h q fy fy fy result q result hdfclife http co hsko vaz,hdfc
en,harrasment icici prudential surveyer giving bike insurance claim investigating every repeatedly asking question surveyer name anil yadav azamgarh uttar pradesh icicilombard insurance ombudsman azamgarh kasi nath jalan automobile heromotor,icici
en,buy icici lombard general insurance company target r icici security http co rzsittk wj,icici
en,rt sumitresearch doyouknow company worth lk cr mcap even listed year back lic adani green adani,icici
en,hi sbi life team father mother got life insurance sbi agent krishnakant yadav april premium every year paid full payment agent time google pay rupee right father,sbi
en,hibah takaful sun life insurance wasiat faraid harta pusaka medical card critical illness income protection replacement aia prudential great eastern hong leong insurance investment saving public mutual etiqa fwd entrepreneur peniaga business malaysia mrtt mltt mati sakit cancer http co aav,tata
en,advocate hem icicilombard completely endorse fradulents n everyone want buy renew insurance policy icici lombard think several time n prepared get cheated would pay premium n turn denied rightful claim beware icici lombard,icici
en,raggarwal raggarwal dear rishav thank contacting icici lombard general insurance company limited receipt case raised twitter regard claim number mot mot appreciate patience assure appropriate resolution,icici
en,amolbhujbal hi amol yet receive detail request share help u assist better regard tata aig general insurance co ltd,tata
en,buy sbi life insurance target mid term http co kjsuhvvdrd,sbi
en,manoj hi thank sharing coordinate team connect shortly regard sbi general insurance,sbi
en,week brief accelerant ipo axa offloading axa xl latam broking deal e amp casualty glut inside p amp c news team run key highlight week http co dm fjmzgd reinsurance insurance,xl
en,sbigeneral year completed wow still pending service provide theofficialsbi provided required document delink sbi general insurance agent code still reply employee kind service expected side irdaindia http co pdv h sjhv,sbi
en,dggi far served show cause notice insurance company including hdfc life icici prudential life sbi life max life investigation revealed insurance company availed itc around r crore claiming fake invoice,icici
en,tungapabitra hi pabitra thank sharing coordinate team connect shortly regard sbi general insurance,sbi
en,dhirajs policyholder concern please request submit letter nearest sbi life insurance branch write u info sbilife co take upon priority,sbi
en,dggi far served show cause notice insurance company including hdfc life icici prudential life sbi life max life investigation revealed insurance company availed itc around r crore claiming fake invoice,max
en,hdfc life insurance company ltd first quarter result fy pat grew sequentially q driven lower operating expense gross premium jump yoy however fell sequentially much hdfc life insurance http co aabvjivh stock idea http co po hai x u,hdfc
en,change mobile number sbi account http co awowvhgqtl talkersmoney finance money investing success business entrepreneur rich stock sensex nifty mutualfunds insurance bank personalfinance financecoach,sbi
en,gfy ag set multiple trust holding company max whole life insurance policy friend family,max
en,sbilife think matter joke update response end irdaindia trusting agency whosoever may concern deep trouble become game sbi life insurance life hand,sbi
en,devrajp life insurance company address query sbi life insurance product service meanwhile request remove confidential detail public tweet avoid misuse,sbi
en,vikramhkpatil dear vikram would like evaluate case help best possible solution request dm registered mobile number e mail id policy detail u analyse update earliest regard tata aig general insurance co ltd,tata
en,cognizant technology solution announced launched innovation development centre collaboration max life insurance co ltd max life chennai http co tz ltigab,max
en,rt moneycontrolcom many insurance company including bajajallianz adityabirlasun life insurance hdfclifeinsurance alo,hdfc
en,rt sunilsamota sbigeneral requested agent code delink sbi general insurance company irda online site aug,sbi
en,jul result reliance industry ultratech cement jsw steel hdfc life insurance company hindustan zinc dlf vedanta one communication paytm ashok leyland creditaccess grameen atul tejas network ramkrishna forging glenmark life science,hdfc
en,hdfc life insurance q result net profit rise r crore http co dpiv wyujn hdfc life insurance july reported net profit r crore april june quarter fy percent r crore recorded year ago period,hdfc
en,vphalsamkar hi varsha phalsamkar kindly share detail requested team serve better thanks regard tata aig general insurance co ltd,tata
en,mrsoni also visit nearest sbi life insurance branch write u info sbilife co take upon priority,sbi
en,polite however zero problem saying shit fellow white folk making max life insurance policy year teaching carry class nobody starting step within ft gun yes better http co nib knzzst,max
en,insurance saving investment one yes please investment dream insurance unforeseen event saving future serf different purpose equally important get three one plan dm http co rqoihmd hf,tata
en,hdfclife rajivmehta oh shut cheat might rather take accidental insurance hdfc ergo life term insurance would rather die without insurance going bloody relnipponlife company,hdfc
en,tata aia leader profile click link register http co ydetymujai policybhandar insruanceagent leadership leader businessgrowth businessopportunity foryourpage newpost businesstips http co jxce khr,tata
en,alokkumar hi alok kumar sharan received detail end assist get touch u toll free number write u customersupport tataaig com regard tata aig general insurance co ltd,tata
en,icici prudential cut hold asian market pt rupee,icici
en,tataaia life thanks thinking mistake selecting tata aia term plan single time faced kind issue earlier also faced issue look like whatever want play policy document sum assured amount even paying amount,tata
en,watch mr amit dassi vice president retail head amp e service business stockholding corporation india limited elaborate need insurance hdfc life session http co mlioqwlejl,hdfc
en,swatigmbhr policybazaar pbhelpdesk got message icici prudential well,icici
en,rt kollisfinserv amarajabat societe generale buy tata aia life co ltd buy rallis jhunjhunwala rekha,tata
en,supreme court overturn order sat stayed decision transfer policy liability saharalife sbi life insurance varungakhar http co nuewy z jv,sbi
en,mail regard social medium complaint number ggvf never taken insurance sbi general insurance ever given permission insurance yet illegally deducted account every year since kind fraud,sbi
en,axisbank never trust axis bank circle nodal officer bogala teja directed guskara axis brunch scam money max life insurance two employee named somnath hazra chowdhury amp sajal adikari scammed lot liquid cash customer village belari share frnds http co muwssusxyg,max
en,rbi open account sbi give insurance forcefully without taking permission ask said compulsory without insurance account opened plz look regard,sbi
en,tataaia life iciciprulife day done solution tata aia policy c want freelook solution going cancel family policy buy police tata aia icici l please sand agent policy want buy icici policy,tata
en,max life cr aditya birla cr tata aia cr kotak cr lic india collected r crore market share st position nd position sbi life cr market share,tata
en,tataaia life bhatianupam insurance tata dear people currently following last day tata aia provide proper endorsement document even providing detail believe customer service worst,tata
en,need know axa xl socal edison ryan specialty inside p amp c morning summary key story get speed fast http co vgkvm r wt reinsurance insurance,xl
en,unlock hidden gem investing launching tata aia small cap discovery fund check tata aia life insurance web page click http co ddwormyrm rajesh kumar jha jhamithlesh gmail com http co e idw r,tata
en,hdfclife report rise vnb yoy basis indian embedded value cr v cr yoy alert yoy number adjusted exide life merger result insurance hdfc http co q flk tbaj,hdfc
en,maxlife partnered dcbbank newgen private sector bank branch customer across india provide variety life insurance product including term saving retirement plan max life achieved gross written premium cr fy,max
en,maxlifeins dear karan received cancellation request policy number kindly interact agent advisor understand policy benefit thanks max life insurance maxlifeins plz needful change mind refund already hv policy,max
en,aia star protector plus review pa plan child looking personal accident insurance plan child aia star protector plus pa plan kid review click read http co dex jrteqy,tata
en,vinoth kumar opinion icici prudential life insurance bought,icici
en,rt singhumesh sbilife irdaindia pmoindia rashtrapatibhvn bengalgovernor narendramodi theofficialsbi sbichairman indiahumanri,sbi
en,iffco tokio iam rajat kumar taken iffco tokio general insurance policy car tata tiago recently got small accident given car claim insurance policy,tata
en,beyondtrading sir icici prudential technology direct plan,icici
en,elevate business tata aia life insurance call whatsapp take agency new height comprehensive support let u handle technicality focus building empire insuranceagency startyourbusiness http co b n fjltbd,tata
en,people move axa xl insurance name cna smith head u mid market business miller expands u casualty team hire price forbes http co q aohfj,xl
en,rt cognizantnews cognizant max life insurance collaborate launch innovation development center chennai http co k eg,max
en,gaming month need get thing done life health gotta buy another iphone pro max insurance claim pay restock fee phone hopefully get iphone move,max
en,tataaia life rntata rbi day done tata aia canceling policy freelook period many time email call tata solution policy c unable visit tata aia office health issue,tata
en,hdfclife hdfccredila giving answer hdfccredila given education loan time taken life insurance hdfclife hdfc life policy costumer close insurance day issue date hdfccredila,hdfc
en,attention consumer want share harrowing experience max life insurance name parveen kumar dubey purchased lac term policy maxlifeins little know would turn nightmare maxlifeinsurance,max
en,kuldeepbisht life insurance company amp address query sbi life insurance product amp service request connect theofficialsbi debit card transaction discrepancy pertaining sbi credit card may contact sbicard connect resolution,sbi
en,rt dhananjaya sbi life insurance cheer,sbi
en,theofficialsbi sbi barakar branch west bengal inefficient able even change mobile number sell product elderly customer without approval mother got insurance money debited account never approved,sbi
en,social medium complaint number ggvf never taken insurance sbi general insurance ever given permission insurance yet illegally deducted account every year since kind fraud fraud also,sbi
en,singhumesh icc chamber sbilife thinkriseglobal licindiaforever equifax irdaindia hi thanks reaching u request please share email id contact detail via direct message dm connect address query regard sbi general insurance,sbi
en,rt singhumesh sbilife irdaindia sbi life insurance want kill pmoindia rashtrapatibhvn taken saving,sbi
en,insuranceaig dissatisfied service people buy tha tata aig venicel insurance policy people helping purchase tha police bad experience,tata
en,buy icici prudential life insurance target r sharekhan http co nwztqxyvy,icici
en,many insurance company including bajajallianz adityabirlasun life insurance hdfclifeinsurance along public insurer found evade r crore gst detail meghnamittal http co ayrheule gst insurance,hdfc
en,hdfclife hello team today received call claiming hdfc life insurance cancellation team said paid one premium lapsed provided detail policy amp rm contact number process sure,hdfc
en,shame sbi life insurance stomach still filled debited account premium asked stop since policy dispute sbilife theofficialsbi irdaindia,sbi
en,axa mulling sale reinsurance operation report french carrier exploring spin xl operation via private sale stock market listing according reuters http co ecynevxwbw insuranceinsidernews insurance reinsurance,xl
en,icicilombard icici lombard insurance healthcare update request despite complaining multiple time resolution yet recommend anyone pathethic service complaint id,icici
en,rt rockme balasoretrainaccident rti rti passenger opted irctc optional insurance paying paisa two insu,sbi
en,upcoming result http co v yk dqyra communication glenmark life science creditaccess grameen hdfc life insurance company ltd tejas network jsw steel ltd aarti drug ltd vedanta ltd ashok leyland ltd cyient dlm ltd,hdfc
en,europe top insurer mull reinsurance unit sale amid rising cat exposure company looking adjust appetite property cat space http co iffhm yyrq insurance reinsurance property sale business axa axa xl,xl
en,insu safe dear sir would like evaluate case help best possible solution request dm mobile number e mail id u analyze update earliest regard tata aig general insurance co ltd http co jq ekbwpa,tata
en,alokkumar dear alok would like evaluate case help best possible solution request dm registered mobile number e mail id policy number u analyze update earliest regard tata aig general insurance co ltd,tata
en,irdai nominated bajaj allianz life icici lombard lead insurer tripura state insurance plan aligned vision insurance http co h bsk yirr,icici
en,want financially ready retirement call today tata aia life insurance tata tataaia tatalife tataritaritata insurance insurance http co tp xbycucv,tata
en,gontiprashanth dear prashanth would like evaluate case help best possible solution request dm mobile number e mail id u analyse update earliest regard tata aig general insurance co ltd http co jq ekbwpa,tata
en,tataaia life rntata rbi tata aia fraud done day tata aia canceling policy freelook period many time email call tata solution policy c unable visit tata aia office health issue,tata
en,cmofficewb abhishekaitc mother ailing cancer insurance please help save mother tata medical center given huge estimated amount plz help mamta di abhishek da,tata
en,maxlifeins sm dear customer received request change premium method take working day process regard max life insurance requested cancellation yesbank agent trying manipulate listen,max
en,insurance plan wealth creation call sbi life insurance assistance life mitra http co lweo pgjme,sbi
en,mangilalswamii hi mangilal thanks reaching u request please share email id contact detail via direct message dm connect address query regard sbi general insurance http co nky ekx,sbi
en,sbilife irdaindia theofficialsbi sbichairman allindiapressc pmoindia rashtrapatibhvn bad situation sbi life insurance help,sbi
en,tataaia life rntata mailed many time talked customer representative tata aia answering call paid due updated tata aia system kindly update fast call c,tata
en,highly buying pressure stock polycab india ltd aurobindo pharma limited icici lombard general insurance company ltd mphasis limited tata consumer product ltd ashok leyland limited,icici
en,business today hdfc life fraud outfit trust insurance company falsified document evidence,hdfc
en,axisbank never trust axis bank circle nodal officer bogala teja directed guskara axis brunch scam money max life insurance two employee named somnath hazra chowdhury amp sajal adikari scammed lot liquid cash customer village belari share frnds http co zhfiyxrdd,max
en,npphophalia dear nimesh would like evaluate case help best possible solution request dm registered mobile number e mail id policy number u analyse update earliest regard tata aig general insurance co ltd,tata
en,shyampsunder dear shyam regret inconvenience caused please dm registered mobile number e mail id policy detail connect detailed feedback regard tata aig general insurance co ltd http co jq ekbwpa,tata
en,visual language claim innovation changing picture see valuable insight axa xl corinne southarewsky dominique brossais ceo lossadjuster naudet new technology changing insuranceclaims http co allclct vu insurance insurtech,xl
en,tata aig motor car insurance fraud co agent claim giving r fitting headlight front bumper asked give written reply agent disconnected phone blocked,tata
en,rt businessline cognizant technology solution announced launched innovation development centre collaboration,max
en,hdfc life insurance company ltd declare quarterly earnings july check previous result http co fukamlv p http co hc oy aaiu,hdfc
en,bandarushekhar volklub tata aig undoubtedly one best insurance co,tata
en,sbicard connect please stop spamming name insurance sbi card otherwise lose customer call coming asking otp,sbi
en,amongst f amp stock polycab india top gainer icici prudential life insurance top loser http co kc pivui,icici
en,tungapabitra understand concern kindly note opting insurance investment purely voluntary branch provide information benefit awareness customer please register complaint link http co fqrposd ji,sbi
en,naikanant hi anant naik yet receive detail request share help u assist better regard tata aig general insurance co ltd,tata
en,tataaia life take policy tata aia,tata
en,policy number policy given distributor sbi life insurance bank channel code jignesh sukhdevbhai raval done fraud gujarat visnagar,sbi
en,aia insurance iso greenhouse gas emission certification much recognition http co zxfosfbmt,tata
en,sanghavi jainam dear jainam would like evaluate case help best possible solution request dm registered mobile number e mail id policy detail u analyse update earliest regard tata aig general insurance co ltd,tata
en,hdfc life insurance company ltd first quarter result fy pat grew sequentially q driven lower benefit paid gross premium jump yoy however fell sequentially much hdfc life insurance http co aabvjivh stock idea http co gayhrxnbqy,hdfc
en,jackbankhandi hi jyoti prakash unfortunately since receive detail requested closing case reach u toll free number write u customersupport tataaig com regard tata aig general insurance co ltd,tata
en,rt moneycontrolcom earningswithmc hdfc life insurance net profit q fy amounted r crore representing noteworthy incr,hdfc
en,sharadgoklani regard stated concern understand pertains sbi general insurance hence advise connect customer care team sbigeneral faster response help query sbi life insurance product service,sbi
en,rmg hi rrr since received response closing case request contact u toll free write u customersupport tataaig com assistance regard tata aig general insurance co ltd,tata
en,kashok hi ashok regret inconvenience caused please share email id contact detail via direct message dm team connect resolve concern promptly regard sbi general insurance http co nky ekx,sbi
en,common viewer dear sir made note concern kindly dm mobile number e mail id u check update end shortly regard tata aig general insurance co ltd http co jq ekbwpa,tata
en,buzz ai insurance industry aditi shukla head shared service axa xl share take implementing ai improve customer service http co x g pmtai aiinindia aiinnovation ml,xl
en,tataaia life trust trusted secure future never getting money maturity back tata cheating everyone agent fraudly issued policy using maturity amount without knowledge got know tata aia giving resolution,tata
en,patricia mailonline shocking hand wheel hand filming phone previous driving without insurance stopped month earlier racing local road justice failed family max sentence raised yr life ruined family yr,max
en,make every moment life worth life time sbi smart privilege fund good high return roy le call sbi life mitra sbi life insurance assistance http co k u r yaq,sbi
en,company gst scanner including life general insurance show cause notice served gst evasion worth r crore detected company r crore recovered far gst http co ipix strt,hdfc
en,tataaia life dear team kindly make correction advertisement tata aia crore instead lakh http co csi zl,tata
en,tomass aia name insurance company looking good plan cover away u,tata
en,linuxvania help case raised concern pertains policy held sbi life insurance please message u detailed concern along sbi life insurance policy number amp contact detail enable u look matter,sbi
en,sbilife ashamed penalising year old man keeping deprived saving sbi lifei insurance withheld return money ineedjustice irdaindia,sbi
en,tataaia life rntata dear tata sir tata aia team much thankful resolving problem refunding money tata team really efficient resolving problem short span time regard gautam,tata
en,officeoflgjandk dear lg sahab aaj july ko called martyr day branch sbi life insurance j amp k closed holiday circular issue day,sbi
en,canarabank retiree canara bank np fund could invested tata aia saral pension get additional fund get annually per one crore invested,tata
en,sbi life insurance cheer http co j ubhjqfa,sbi
en,anuneydilse dear anuney kindly elaborate concern help best possible solution request dm mobile number e mail id policy detail u analyze update earliest regard tata aig general insurance co ltd http co jq ekbwpa,tata
en,dhirens hi dhiren shah since received response closing case request contact u toll free write u customersupport tataaig com assistance regard tata aig general insurance co ltd,tata
en,live session zoom youtube tata aia leader profile click link register http co qnsi pmtpm leadership lifeinsurance zoommeeting http co l qyjxx,tata
en,live session zoom youtube tata aia leader profile click link register http co itiymjbc e leadership lifeinsurance zoommeeting http co ka rasn,tata
en,anwarkh help case query pertains policy held sbi life insurance request dm u detail along sbi life insurance policy number contact detail enable u assist better http co j dnvtodcr,sbi
en,aia crowned asia top insurer citywire elite company award hong kong based group asia largest life insurance provider exposure fast growing market hong kong mainland china singapore thailand key market http co zbyozhsk,tata
en,digitalindia digilocker ind kudos team able keep handy aadhaar card pan card covid vaccine certificate driving license vehicle registration vehicle insurance sbi life insurance hdfc insurance uan card abha card anything missing,sbi
en,beshakin maxlifeins bajajallianzlic hdfclife company better term insurance plan bajaj allianz premium cheaper max life,max
en,sbilife irdaindia sbi life insurance want kill pmoindia rashtrapatibhvn taken saving punishing sbilife,sbi
en,icici direct icicilombard proceed pay button working many day next shall go buy policy via policybazaar insurance bikeinsurance http co woqddwm,icici
en,brunettevibe irdaindia twitter brunettevibe brand handle icici prudential mutual fund query related icici prudential life insurance kindly tweet iciciprulife,icici
en,rt viveklkn insurance plan wealth creation call sbi life insurance assistance life mitra http co lweo pgjme,sbi
en,manoj hi manoj regret inconvenience caused please share email id contact detail via direct message dm team connect resolve concern promptly regard sbi general insurance http co nky ekx,sbi
en,sbilife ashamed penalising year old man keeping deprived saving sbi lifei insurance withheld return money ineedjustice irdaindia,sbi
en,icicilomb jagograhak dear icici lombard team car met accident thjuly sent workshop repair insurance surprised back bumper claim dismissed remark old dent want ask wat current dent feeling cheated claim id,icici
en,http co ku exszphf excellent initiative narendramodi ji nsitharaman ji dasshaktikanta building awareness insurance cover provided dicgc please consider full cover deposit india rbi pmoindia consumrconxion jagograhakjago gicouncilindia irdaindia,hdfc
en,axa xl launch emission insurance product marine client finance finance technology investing http co fufc gjxg therudingroup naszub stratorob mandalore minh seedfounders http co c jt yreq,xl
en,cognizant max life insurance launch chennai innovation center read http co hg hh digitalnews newsonline localnews tamilnews tnnews epaper facebooknews instanews afternoonnews cognizant maxlifeinsurance launch chennai innovationcenter chennainews http co qc vygarms,max
en,bansa dear nikhil made note concern concerned department get touch within working hour regard tata aig general insurance co ltd,tata
en,lakshya tataaia life tata aia agent trained tata block everyone maturity amount cannot claim back happened resolution given tata also part agent misleading using signature elsewhere issue fraud policy,tata
en,icici lombard general insurance special help desk escalating rainfall scenario north india http co xno rg industry icicilombard uttarpradesh himachalpradesh indiametdept uttarakhand investmentguruindia http co pkrvjknjd,icici
en,rmg hi rrr yet receive detail request share help u assist better regard tata aig general insurance co ltd,tata
en,jagtap suhas hi suhas jagtap unfortunately since receive detail requested closing case reach u toll free number write u customersupport tataaig com regard tata aig general insurance co ltd,tata
en,vphalsamkar dear varsha would like evaluate case help best possible solution request dm registered mobile number e mail id policy number u analyse update earliest regard tata aig general insurance co ltd,tata
en,met pocket max health insurance first time life adulting,max
en,hdfccredila delay loan process flight aug rd trying connect agent responding mandatory take health insurance hdfc credila already taking college call soon possible,hdfc
en,term total ape annual premium equivalent growth private life insurer clocked june tata aia yoy hdfc life max life yoy outperforming pack ipru life reported ape growth yoy viewprosperity stockmarketindia,tata
en,mrcrj rider hi mahesh team tried reach call connect reach anything else help regard sbi general insurance,sbi
en,axa mulling sale reinsurance operation report french carrier exploring spin xl operation via private sale stock market listing according reuters http co fn mdap ki reinsurance insurance,xl
en,july supreme court overturned stay imposed security appellate tribunal sat regarding transfer sahara india life insurance policy business sbi life insurance company limited thyagarajan law detail http co ucrye xr http co bpkkrqojty,sbi
en,s pa report hdfc life insurance company ltd agm detail http co uswhawv wj http co lqb lbzjym,hdfc
en,maxlifeins happy service applied term insurance policy submission document proper channel made mistake choosing max life,max
en,attention buy life amp term insurance max life insurance name parveen dubey want share terrible experience max life insurance regarding term policy thread cautionary tale anyone considering service maxlifeins,max
en,week second neal lloyd selling probitas axa xl laggard female leadership plus latest executive move top news week http co cgp apdz insuranceinsidernews insurance reinsurance,xl
en,moving forward purpose xenial event set sight another health focused event one day tata aia summit two collaborator performance tata lly impressive thank going beyond tataaiasuumit xenialite xenialevents http co bwyum h n,tata
en,rt moneycontrolcom july supreme court overturned stay imposed security appellate tribunal sat regarding tra,sbi
en,introducing tata aia life insurance protection priority call whatsapp offer wide range insurance type suit need industrial keyman retirement group term employer employee coverage tataailifeinsurance http co tjdq ie c,tata
en,tataaia life daily getting call tata aia life already customer getting unwanted call daily http co hwcklmyxwi,tata
en,insurance tata aig icici worry thing proceed http co e tzvwcgbf,icici
en,activate sbi atm card sm http co uo eblbvla talkersmoney finance money investing success business entrepreneur rich stock sensex nifty mutualfunds insurance bank personalfinance financecoach,sbi
en,exited hdfc life today p e last time trading valuation crashed almost nothing changed dramatically insurance industry justify valuation instead new regulation harmed industry visit later,hdfc
en,insu safe hi insu safe yet receive detail request share help u assist better regard tata aig general insurance co ltd,tata
en,sunil rajivmehta sunil dear sunil thank interest icici motor insurance please visit link fill detail expert contact clarification link http co epcwwzhfrx http co hxg x,icici
en,venkatesh hi venkatesh nerella kindly share detail requested team serve better thanks regard tata aig general insurance co ltd,tata
en,tata aia small cap discovery fund invest financial express http co fdspddcoka,tata
en,rt singhumesh shame sbi life insurance stomach still filled debited account premium,sbi
en,activate sbi debit card http co lhgy jgrz talkersmoney finance money investing success business entrepreneur rich stock sensex nifty mutualfunds insurance bank personalfinance financecoach,sbi
en,http co ku exszphf excellent initiative narendramodi ji nsitharaman ji dasshaktikanta building awareness insurance cover provided dicgc please consider full cover deposit india rbi pmoindia consumrconxion jagograhakjago gicouncilindia irdaindia,icici
en,maxlifeins max life insurance worst customer service committed reply mail working day called spoke min resolution yet simply looting customer never ever buy policy max life,max
en,bhajanl hi bhajan highlighted concern team customer service representative connect shortly regard sbi general insurance,sbi
en,tataaigindia pathetic service getting claim last year every time sharing document never suggest one buy insurance tata aig one listen customer pain,tata
en,maxlifeins faith max life insurance shattered failed honor promise violated right consumer caused immense mental frustration friend please cautious avoid buying maxlifeinsurancefail consumerrights maxlifeins http co bezi pv vi,max
en,sbi fastag recharge online using vehicle number http co c uo augja talkersmoney finance money investing success business entrepreneur rich stock sensex nifty mutualfunds insurance bank personalfinance financecoach,sbi
en,sbilife ashamed penalising year old man keeping deprived saving sbi lifei insurance withheld return money ineedjustice irdaindia,sbi
en,cblatts buy life insurance max cover permissible assuming would devoid lifestyle ailment premium would cheapest,max
en,canopiusgroup lure former axa xl reinsurance chief tap attractive market join canopius new global head reinsurance bermuda ceo http co ttko gx ec insurance reinsurance appointment market global bermuda leadership,xl
en,marketguru mihir vora sr director cio max life insurance watch http co vz hbyrlin markettoday marketupdate marketnews sensex nifty marketguru maxlifeinsurance themihirv shail bhatnagar http co xxmktwuio,max
en,rt maxlifeins whether future saving advice financial protection loved one max life assist everything finance,max
en,sunilsamota hi sunil highlighted concern team customer service representative connect shortly regard sbi general insurance http co nky ekx,sbi
en,rt singhumesh sbilife think matter joke update response end irdaindia trusting,sbi
en,naikanant dear anant would like evaluate case help best possible solution request dm registered mobile number e mail id policy detail u analyse update earliest regard tata aig general insurance co,tata
en,cognizant launched innovation development center collaboration max life insurance co ltd chennai state art facility aim bring together team company accelerate max life digital transformation effort cognizant thehindubiz,max
en,canopiusgroup appoints former axa xl bermuda chief global reinsurance head charles cooper tasked developing canopius class reinsurer http co ywibe qeyl appointment leadership insurance reinsurance bermuda,xl
en,rated tata aia great experience,tata
en,sharadgoklani theofficialsbi sbilife irdaindia dugalira monikahalan hard believe someone sbi would unethical thing smartphone directly least theofficialsbi investigate whether staff insurance marketing affiliate take strict action abuse customer trust,sbi
en,axa xl insurance add mid market generalist newly launched u mid market business http co pbrqsgoybk,xl
en,rated tata aia great experience,tata
en,rt paulmitchell ab head company working world economic forum agility allianz hsbc ko holding kpmg,tata
en,rt indiatoday business today shailendra bhatnagar speaks mihir vora sr director cio max life insurance listen busine,max
en,anuneydilse hi anuney sarwal received detail end assist get touch u toll free number write u customersupport tataaig com regard tata aig general insurance co ltd,tata
en,asked deposit dont want buy insurance bcs employer already provided insurance said buy insurance otherwise open acnt mandatory buy life insurance open account sbi please help,sbi
en,beshakin icici max life insurance best company term insurance,icici
en,phi stockmarket icici prudential baught one year back,icici
en,anuneydilse hi anuney sarwal awaiting response end detail investigate concern kindly share detail requested help u serve better regard tata aig general insurance co ltd,tata
en,rt business today moneytoday gaurav arora chief underwriting claim property amp casualty icici lombard explains one ca,icici
en,rt karbonoffsets insure ship carbon footprint event unplanned lengthy voyage resulting extra emission today axa,xl
en,vinoth kumar whats opinion icici prudential life insurance bought,icici
en,wife started financial advisor part hdfc life interested investment kid covering safety protection along good return also help tax exemption dm detail hdfclife financialgoals insurance hdfclife,hdfc
en,deshbha kiranprajput thats nothing put l annum sbi life insurance policy however realised mostake stopped year,sbi
en,rt stockholdingin watch mr amit dassi vice president retail head amp e service business stockholding corporation india limited el,hdfc
en,sbi life insurance co http co f mohbx sbi life insurance co share price r inr share traded mcap approx lack crore pls click site link latest amp complete data sbilifeinsuranceco pls encourage real data http co zheoxbcuf,sbi
en,ridhimb han updating passbook lady saying oh open fd oh try insurance plan checked claim lie god thing good hdfc stock,hdfc
en,alokkumar hi alok kumar sharan yet receive detail request share help u assist better regard tata aig general insurance co ltd,tata
en,finnifty weightage hdfc bank icici bank kotak mahindra bank axis bank state bank india bajaj finance bajaj finserv hdfc life insurance sbi life insurance company shriram finance ltimindtree ltd,sbi
en,bakshisundeep icicilombard dear sir icici lom car insurance number name rupal gupta filed one claim whose number mot steeling problem occured due water logging delhi last day today claim rejected,icici
en,manoj hi manoj thank sharing coordinate team connect shortly regard sbi general insurance http co nky ekx,sbi
en,sbi iocl global contactless debit card rupay http co wtyqkdc talkersmoney finance money investing success business entrepreneur rich stock sensex nifty mutualfunds insurance bank personalfinance financecoach,sbi
en,rt itsqfa finnifty weightage hdfc bank icici bank kotak mahindra bank axis bank state bank india baj,hdfc
en,agodaindia kindly update guest name kapil talwar mohit gupta gst aabct c zd tata aia life insurance bill receipt confirm hotel saying want mail agoda,tata
en,hdfclife hdfc life insurance bad service,hdfc
en,hdfclife dear hdfc life request cancellation hdfc life click term insurance policy due wrong entry personal detail taking policy clearly told hdfc agent entered please consider amp refund amount policy,hdfc
en,long build seen icici lombard general insurance company hdfc asset management company aurobindo pharma short build seen abb india shree cement vodafone idea,icici
en,safalniveshak bank banking let product sold expert huge conflict interest bank start selling mf insurance sbi hdfc giving locker buy mf insurance earlier requirement keep fd get locker,sbi
en,tataaia life rntata rbi many time call email tata aia policy freelook every time giving new suggestion tata aia canceling policy monday take legal action tata aia agent tata aia fraud customer,tata
en,long term portfolio asalcbr au bank axtel berger paint caplin point chola finance eldeco housing endurance tech hcl tech hdfc amc hdfc bank hindustan unilever icici general insurance iex irfc itc jk lakshmi cement si larsen amp toubro supreme industry ultratech cement,icici
en,beyondtrading parakh parikh tax saver icici prudential debt equity aggressive hybrid fund,icici
en,activate new sbi atm card http co gdslrscro talkersmoney finance money investing success business entrepreneur rich stock sensex nifty mutualfunds insurance bank personalfinance financecoach,sbi
en,rt suchetadalal grumpeoldman remember hdfc life maybe financial regulator need taking look rajeev goi,hdfc
en,rt ashishgokhale niva bupa niva bupa finally rejected claim surprise know someone fraud least,max
en,iamshivagadde hi shiva regret inconvenience caused please share email id contact detail via direct message dm team connect resolve concern promptly regard sbi general insurance http co nky ekx,sbi
en,babbukushwaha olaelectric bhash babbukushwaha dear tulsi thank contacting icici lombard general insurance company limited reference issue related motor claim reviewed case confirm checked need submit list document surveyor,icici
en,made think new show max far appears black american possibly trafficked african men amp woman used murdered staged steal life insurance accusing anyone anything made think http co skqdlynrcw,max
en,life health insurance pati sa endorsement match perfect combination thank god blessing thank aia amp kaiser international http co njjqvbrftp,tata
en,rescue waterlogged vehicle insider tip gaurav arora chief underwriting claim property amp casualty icici lombard discover car take dive monsoon read http co nfmmh wuun icicilombard nibhayevaade,icici
en,krishna hi krishna jaiswal received detail end assist get touch u toll free number write u customersupport tataaig com regard tata aig general insurance co ltd,tata
en,roadtojustice stocki zen icici prudential life percent lose bro view,icici
en,grumpeoldman remember hdfc life maybe financial regulator need taking look rajeev goi ministry also ought concerned hype puffery etc paid influencers misselling insurance rampant serious issue,hdfc
en,rhutumantri whenever transfer big amount idfc sbi account suddenly start receiving call rm various shitty insurance plan mutual fund bond investment scheme surprising idfc bank rm tried sell hdfc life policy,sbi
en,nirmalmanitej hi surya tej awaiting response end detail investigate concern kindly share detail requested help u serve better regard tata aig general insurance co ltd,tata
en,rt arizakram dear sbi worst practice sbi forcefully selling insurance want open new account sbi b,sbi
en,sanghavi jainam hi jainam sanghavi yet receive detail request share help u assist better regard tata aig general insurance co ltd,tata
en,sonumaithil wish reiterate policyholder concern submit grievance letter nearest sbi life insurance branch take upon priority,sbi
en,ill wanted cancel insurance get full money today went isbt branch sbi life told r deposited insurance called agent repeatedly picking call want full amount,sbi
en,gontiprashanth hi prashanth gonti kindly share detail requested team serve better thanks regard tata aig general insurance co ltd,tata
en,dear sbi worst practice sbi forcefully selling insurance want open new account sbi bank purchase sbi yono insta life insurance account branch code barsoi branch code kindly find attached auto debit http co vommuwol,sbi
en,hdfclife hdfc life insurance bad service,hdfc
en,rbi hdfc bank amp axis bank still forcing u buy health life insurance getting loan selling compulsory get disbursement loan sold lakh insurance loan lakh please take strict action insurance scam,hdfc
en,cognizant launch innovation centre maxlifeinsurance chennai http co skfxv lpf,max
en,people move axa xl insurance name cna smith head u mid market business miller expands u casualty team hire price forbes http co gymo xukv,xl
en,cognizant maxlife insurance launch innovation center chennai channel drive cognizant cognizantnews maxlifeins http co v uxh xubk,max
en,jackbankhandi dear jyoti please dm u mobile number e mail id team get touch within working hour regard tata aig general insurance co ltd,tata
en,dhirens hi dhiren shah kindly share detail requested team serve better thanks regard tata aig general insurance co ltd,tata
en,rohitbo hi thanks reaching u request please share email id contact detail via direct message dm connect address query regard sbi general insurance,sbi
en,hdfcbank care credit card hdfc bank given scammer insurance protection amount recovered whereas scammer scam credit card complaint multiple time cyber cell hdfc bank,hdfc
en,sbilife ashamed penalising year old man keeping deprived saving sbi lifei insurance withheld return money ineedjustice irdaindia,sbi
en,singhumesh understand concern kindly note sbi life insurance related concern query need directed sbilife please click link http co vezokt n x know contact detail sbi life customer care,sbi
en,ammaradzim got similiar call person claimed public bank collab promo aia insurance,tata
en,iciciprulife extremely dissatisfied service provided icici pru life communication end apply cancellation term insurance application ob relationship manager never contacted really hard contact pathetic experience,icici
en,rt singhumesh sbilife theofficialsbi thinking fraud happened anxious time health de,sbi
